[
	{
		"name": "Armenia",
		"leaderName": "Yerevan I",
		"adjective": [
			"Armenian"
		],
		"startBias": [
			"Grassland"
		],
		"preferredVictoryType": "Domination",
		"startIntroPart1": "The people bow to your esteemed will, o wise and illustrious King Ashurbanipal of Assyria. Across the world, you are known as both a scholar and a warrior, and yet the legends represent merely a glimmer of your true ambition. Although your enemies cowered at the thought of your ferocity in conquest, you were most proud of your intellectual pursuits. Your thirst for knowledge led to your establishment of the royal library at Nineveh, which came to represent one of the greatest collections of ancient texts and tablets found anywhere in the world - securing your legacy as one of Assyria's greatest kings.",
		"startIntroPart2": "Wise and fearsome king, the time has come for you to return the kingdom of Assyria to its greatest heights. Will you once again strive to acquire the knowledge and histories of all the world's peoples? Can you build a civilization that will stand the test of time?",
		"declaringWar": "I fear there is no other choice but to remove you from this world!",
		"attacked": "I think you will come to regret this decision...most unwise.",
		"defeated": "We may be defeated, but our legacy will live on in the written word!",
		"introduction": "I welcome you to the great kingdom of Assyria...have you come to view my library?",
		"neutralHello": "?",
		"neutralLetsHearIt": [
			"Go on.",
			"I will listen to you.",
			"Yes?"
		],
		"neutralNo": [
			"?",
			"?",
			" No! Certainly not!"
		],
		"neutralYes": [
			"Very well",
			"I agree!",
			"I agree."
		],
		"hateHello": "?",
		"hateLetsHearIt": [
			"?",
			"What now?!",
			"What do you want?"
		],
		"hateNo": [
			"No!",
			"?",
			"?"
		],
		"hateYes": [
			"?",
			"?",
			"So be it."
		],
		"afterPeace": [
			"So shall it be written, today we are the victors!"
		],
		"tradeRequest": "Will you consider a trade?",
		"outerColor": [
			205,
			87,
			0,
		],
		"innerColor": [
			100,
			0,
		  0,
		],
		"uniqueName": "EXCELLENT_TERRITORY",
		"cities": 
[
"Yerevan",
"Ashtarak",
"Aparan",
"Talin", 
"Artashag",
"Ararat",
"Vedi",
"Makik",
"Vagorsharot", 
"Armovir",
"Metsamor",
"Yeghegnadzor",
"Vayk", 
"Jermuk",
"Gavar",
"Vardenis",
"Martuni",
"Sevat", 
"Chambarau",
"Razdon",
"Abovyat",
"Buregavan",
"Yeghvard",
"Nor Achin",
"Vakhkadzor",
"Charentsavon",
"Vanzdor"
   ]
	}
]