[
	{
		"name": "Armenia",
		"leaderName": "Yerevan I",
		"adjective": [
			"Armenian"
		],
		"startBias": [
			"Grassland"
		],
		"preferredVictoryType": "Domination",
		"startIntroPart1": "O great king of Armenia, your lands are filled with wisdom and grandeur, starting from A.D., the economy began to grow, and you had very strong allies like the Roman Empire, Persia, and others..."
		"startIntroPart2":  "Can you raise the Armenian people, or vice versa, this is your business, I can only do good luck to you."
		"declaringWar": "You are the ugliness of humanity, spreading your worthless culture, you must be destroyed."
		"attacked": "I think you will come to regret this decision...most unwise.",
		"defeated": "We can be defeated, but our story is already on the book!"
		"introduction": "Welcome to our empire, I hope we get along."
		"neutralHello": "?",
		"neutralLetsHearIt": [
			"Go on.",
			"I will listen to you.",
			"Yes?"
		],
		"neutralNo": [
			"?",
			"?",
			" No! Certainly not!"
		],
		"neutralYes": [
			"Very well",
			"I agree!",
			"I agree."
		],
		"hateHello": "?",
		"hateLetsHearIt": [
			"?",
			"What now?!",
			"What do you want?"
		],
		"hateNo": [
			"No!",
			"?",
			"?"
		],
		"hateYes": [
			"?",
			"?",
			"So be it."
		],
		"afterPeace": [
			"So shall it be written, today we are the victors!"
		],
		"tradeRequest": "How do you like this deal?...",
		"outerColor": [
			205,
			87,
			0,
		],
		"innerColor": [
			100,
			0,
		  0,
		],
		"uniqueName": "RISE_OF_IMPIRE",
		"cities": 
[
"Yerevan",
"Ashtarak",
"Aparan",
"Talin", 
"Artashag",
"Ararat",
"Vedi",
"Makik",
"Vagorsharot", 
"Armovir",
"Metsamor",
"Yeghegnadzor",
"Vayk", 
"Jermuk",
"Gavar",
"Vardenis",
"Martuni",
"Sevat", 
"Chambarau",
"Razdon",
"Abovyat",
"Buregavan",
"Yeghvard",
"Nor Achin",
"Vakhkadzor",
"Charentsavon",
"Vanzdor"
   ]
	}
]